{"_timestamp":1.734327431048257e+09,"_runtime":1.6408819000000001,"_step":0,"_wandb":{"runtime":2239},"prediction_success":false}