{"_wandb":{"runtime":1978},"prediction_success":false,"_timestamp":1.7343276926330833e+09,"_runtime":1.8880265999999999,"_step":0}