{"_wandb":{"runtime":1131},"prediction_success":true,"predictions":[0.02537929494544891,0.01803609082292504,0.02230484876988167,0.02302511122120335,0.11396891949547937,0.004267330593512973,0.050974305557735744,0.11488479807862892,0.04150601660914732,0.0635214758648128,0.05198564755061027,0.08660366956280928,0.1044577416148746,0.02731828229018176,0.097058586584372,0.05690425533565704,0.04116832865952399,0.10319964136466336,0.0749004066992828,0.023686914489406033,0.109268228358743,0.06575153797252775,0.02501764840321448,0.01972123325682708,0.020297725545042177,0.03230221374878483,0.02013892002662452,0.016869637006518074,0.08125266735066695,0.027380737544083177,0.022046834103717328,0.035758783776103434,0.01523256518746663,0.06833397912573612,0.03790629016605755,0.013385090556609669,0.01791321178733155,0.039899057225121555,0.014279386779365518,0.06674809719479234,0.04782050008686205,0.01608392476900915,0.06061424320580264,0.13059349598943085,0.1262227153343573,0.06732280434768224,0.07164719453609686,0.09771750618213178,0.06874048262250633,0.10322959460385372,0.04141755324060682,0.030974673060639456,0.06007931589320718,0.08288144221262185,0.054296192199801196,0.0453385465508354,0.029867555308001847,0.065896359544713,0.023301376743145898,0.04606421249703938,0.02536048224110414,0.010856591747635211,0.05653187881751857,0.026959348207578147,0.08287595326682833,0.02709291695450758,0.07628434781638306,0.024351698006685095,0.033187155041568016,0.014195383493095026,0.09274394806969703,0.12804390381802114,0.012610011129104226,0.11060361936150455,0.08138771500846702,0.0856704029050972,0.028672808712787858,0.11784284033221923,0.12131743450853032,0.09257306761303184,0.013597018069269268,0.014849251080651486,0.05455829010889482,0.10623485682275616,0.02943650873701354,0.03626882484930494,0.07273271023725802,0.03991898707224614,0.07170081650470214,0.11184235583954115,0.003283023083006134,0.02487242474125542,0.03328518115420805,0.024801973454022828,0.03480051060429541,0.04707537069008901,0.08567264979437027,0.04061533278816302,0.12274180023538539,0.02242195938818885,0.010822563208589202,0.013795934863026793,0.01746914160051049,0.023627082124312818,0.10757480294457729,0.0419058766549822,0.02497513242260133,0.039132759090143916,0.04894748335649144,0.12781347661764056,0.09775816888753751,0.012830660740325997,0.0481260258000755,0.054099818005721695,0.01992800237157585,0.10378548606703494,0.01541740420687565,0.045701574947026445,0.10830051403620128,0.053118624276065445,0.03912609205541716,0.014623018677390924,0.10444701897490896,0.04874563881275394,0.12131743450853032,0.0940981948126743,0.11784284033221923,0.10659045617180161,0.11677683192621596,0.11756197910011472,0.10183579067839754,0.03163232646145697,0.10274680881669582,0.032664494161869534,0.03220158010868295,0.03932356513863926,0.06663407448937217,0.009268447752576684,0.0746196259177717,0.03185113717574977],"_timestamp":1.7349333444536178e+09,"_runtime":1016.0150548,"_step":1}