{"_timestamp":1.7343262593784318e+09,"_runtime":7.4289945,"_step":0,"prediction_success":false,"_wandb":{"runtime":3417}}