{"predictions":[0.0966056046217676,0.054605532030466045,0.026278012739125067,0.013869824279856129,0.09265557417647013,0.02039776912990382,0.07492268448363612,0.015815427297145353,0.03500392543396553,0.012604119112518894,0.01534021759250017,0.06710433622659714,0.02074483356377331,0.016506581810246643,0.02135905682261177,0.10513312393626072,0.09439644935750328,0.032736087143930094,0.09339315631588793,0.013335650349204507,0.07281958712851457,0.022177545444105565,0.08567264979437027,0.031520633850137786,0.09535903092763418,0.056610685309701696,0.06370614721052612,0.014028295569593629,0.027334349383319557,0.11170907600176078,0.022656132039225115,0.060001748500928154,0.013384214764454687,0.03785233773044953,0.0173638146094661,0.014037039963799383,0.10574710522700187,0.011875374531972118,0.09491450914169465,0.08986929292402482,0.08308899794360686,0.018444829715097845,0.05313178496958613,0.03314847582089365,0.03230221374878483,0.04703595109010824,0.054191940152093214,0.0665097326366011,0.016454433322616705,0.01322205267756692,0.015280790505256034,0.014827954872738766,0.08805450485062609,0.07017487197509459,0.015098198409688067,0.027349998276889345,0.015942305397020937,0.027340132847542317,0.014056660117372489,0.026255956817593348,0.048253769662067326,0.07072453539039625,0.0761646919586906,0.07708666693093312,0.027807927280552164,0.02620840316390665,0.06054997144745388,0.02790772402082097,0.07688314488162543,0.026610417222500828,0.10145333353769678,0.099842430671891,0.018240803957564423,0.015596193929569442,0.029020732620370554,0.029051789575197415,0.01678769192259636,0.03265256351405033,0.057986786023057894,0.06145928428962089,0.06712051085954357,0.05508053600148234,0.019534200641263103,0.04388261198400103,0.10071873683446089,0.01417632947450856,0.026342112178965742,0.016837228125204606,0.017469127929394056,0.09974371145613369,0.028561732671017703,0.05513952156523613,0.06712051085954357,0.09778800172718112,0.014575538965025931,0.035774289352016465,0.06712051085954357,0.04585151110033519,0.081140083483102,0.08720898359275224,0.05794832281707319,0.08414941923376594,0.03222730872677973,0.051482836648954956,0.004241331996764446,0.013698761573884551,0.09074113571291023,0.034817049142601114,0.07674926784629815,0.059106238096791705,0.00457815446199733,0.028417145428269494,0.08512935509869693,0.005021567514699226],"_timestamp":1.7347333762833974e+09,"_wandb":{"runtime":75},"_runtime":53.1593694,"_step":2,"prediction_success":true}