{"_wandb":{"runtime":208},"prediction_success":false,"_timestamp":1.7343260335171654e+09,"_runtime":1.8958013999999999,"_step":0}