{"_runtime":1.6856186,"_step":0,"_wandb":{"runtime":1357},"prediction_success":false,"_timestamp":1.7343283135875914e+09}