{"_timestamp":1.7343276340894728e+09,"_runtime":4.5440648,"_step":0,"prediction_success":false,"_wandb":{"runtime":2039}}