{"_wandb":{"runtime":69},"prediction_success":true,"predictions":[0.090981370504048,0.04318718667231828,0.07736089631775671,0.07715389662937396,0.013858918090513976,0.040851994060310245,0.10544065309451353,0.014850857577451458,0.08076968035417545,0.031088217712670483,0.01457415617267327,0.057028390372847876,0.048521380593985954,0.0504282492810908,0.109268228358743,0.06916238294839695,0.07292535915510234,0.10928053015140912,0.1182849563933491,0.09898741101423071,0.11848061950344922,0.04150601660914732,0.10609706092211821,0.013085258618130974,0.02114519682406765,0.032568055332171365,0.05147476658577106,0.08958022557769105,0.06785957001641957,0.03116775926272624,0.05628767021007271,0.02236444576128863,0.020996027965079645,0.06689311811904809,0.02861509940880087,0.11460393059476714,0.12734231968672502,0.10183579067839754,0.10060601618807458,0.0806088433632955,0.03908053148188247,0.11837323356206611,0.04141755324060682,0.01546602159055015,0.10979024342477052,0.10979075814107231,0.1182849563933491,0.10914561223065136,0.033640182743002914,0.04471445723427173,0.0281665958020783,0.016347388804536022,0.031080417931452834,0.10979075814107231,0.11432052629689828,0.06891062561128919,0.0935127062667307,0.005865965663474304,0.10530968985342137,0.06527866098624663,0.010172675490148823,0.03000170866546579,0.031110478817822317,0.06855658168014923,0.05795900370996271,0.08519746180210527,0.025293615303835403,0.01980098247033502,0.031078821266565228,0.014298095231039289,0.011878633472014481,0.023473668177678715,0.028835620437620887,0.05023085439294192,0.018928079758103525,0.06732280434768224,0.050697684597828536,0.03364019084571616,0.01893928493659804,0.03104475249255662,0.09653183552474058,0.012827762440296011,0.012598923938179967,0.04937644408517362,0.0740964891078232,0.012352854545572434,0.06411777710283889,0.027529185152648548,0.03250977844525966,0.016578422394867533,0.030898979149166617,0.03331841832862457,0.034893762532926656,0.021518442711286924,0.10914561223065136,0.015581529521820972,0.03331002126148114,0.06796790843798166,0.08393420060317185,0.04715278788459859,0.05915691546900736,0.07588941663445443,0.046616325505818505,0.10374780731063506,0.02501764840321448,0.03331002126148114,0.031107251005995113,0.029994558710971776,0.06474799984657088,0.04101820330818406,0.06656548701231736,0.06411777710283889,0.02325064086343662,0.10167363425201413,0.03302611682451325,0.011089540234135508,0.017509262539538037,0.07476119865741179,0.053460098937223394,0.10070062466400558,0.10544065309451353,0.10979075814107231,0.08606787134873618,0.029241979705769826,0.11382782773543283,0.003983485290700084,0.009659466881354556,0.06710391924773049,0.004813396850333801],"_timestamp":1.7343768985223114e+09,"_runtime":9.999682,"_step":0}