{"_runtime":2.225155,"_step":0,"prediction_success":false,"_wandb":{"runtime":3344},"_timestamp":1.7343263264414449e+09}