{"model_downloaded":"combined_model_latest","_wandb":{"runtime":2933},"prediction_success":false,"_timestamp":1.7343273536661098e+09,"_runtime":618.2740061,"_step":4,"predictions":[0.1013340497366316,0.06870875495219428,0.04604918906457226]}