{"model_downloaded":"combined_model_latest","_wandb":{"runtime":113},"_timestamp":1.7343234854152703e+09,"_runtime":2.4010911,"_step":1,"prediction_success":true,"predictions":[0.1013340497366316,0.06870875495219428,0.04604918906457226]}