{"prediction_success":true,"_wandb":{"runtime":21},"predictions":[0.01928402263932702,0.0461138206794125,0.09017950988641377,0.0412688428286335,0.03347758955368511,0.09805326157330391,0.08740354953525016,0.058167221184580196,0.07789010122837564,0.0070461423714522076,0.09409864173180411,0.01493515418613267,0.012594887619028886,0.014609024796367982,0.10819354828018699,0.07191194878358638,0.015784213580572363,0.01443441463220779,0.02964441438379817,0.026262916743824125,0.05007120986523804,0.014415652672549208,0.013543903333347982,0.1105407542877947,0.018245560819831492,0.02501764840321448,0.032331800830385275,0.0908622676670274,0.0657230637514256,0.016800306723218632,0.09960432877148795,0.046053190134593136,0.0640657589206181,0.02523626060926013,0.04655410730142185,0.081140083483102,0.014176335535341913,0.013328424098585156,0.07444018148619977,0.05208009257844164,0.014532594542900153,0.0940981948126743,0.0362790503661497,0.08773532310173306,0.06530769613606817,0.019534200641263103,0.031510938655345384,0.05690429397939066,0.07292469401226472,0.043147106990709436,0.01541740420687565,0.10611136072836735,0.05794832281707319,0.06689311811904809,0.12131743450853032,0.038206052150741264,0.09960432877148795,0.09805326157330391,0.016354065935173776,0.0893032539309343,0.014347255649349216,0.024565222065289924,0.014623018677390924,0.0524777480412114,0.07771285582424803,0.017038589078301934,0.02155226530303941,0.006691083307725968,0.020283263785865497,0.0710158409099353,0.07981432439874023,0.016042127184129777,0.1057474891930874,0.05447653597414663,0.01515582663286011,0.05636723466564535,0.0412688428286335,0.014680770619922661,0.034688638478127184,0.016348914500813917,0.020283263785865497,0.10685309969774985,0.0439587152141732,0.02104832953554298,0.011266054511065306,0.03875413558314809,0.1120169190894669,0.010428003662419463,0.040693320616431196,0.07056495930495199,0.056595934543908426,0.01204021421237869,0.020297725545042177,0.10504989170969979,0.06389363358216832,0.012654019212567556,0.01830977315615454,0.01827064402242012,0.014068532955649317,0.05101114823963012,0.019590062046069834,0.01678769192259636,0.097058586584372,0.015698614203978167,0.09195829632454293,0.08361974273305586,0.06710391924773049,0.06855658168014923,0.03206820296407663,0.08138771500846702,0.02777827428760931,0.013563907147316354,0.015298770896838598,0.06797210985106734,0.0905961127230737,0.10544065309451353,0.013701875058871939,0.036503876297321304,0.07831875542356415,0.03331841832862457,0.029122416878227978,0.02153884551185789,0.052616239093043825,0.10319964136466336,0.02536861861378775,0.01485805398637683,0.024402235524557888,0.040693320616431196,0.01100760295358052,0.02878725964910695,0.02133328853466018,0.03064059384656851],"_timestamp":1.7343769380006135e+09,"_runtime":1.531923,"_step":0}