{"_step":0,"_wandb":{"runtime":1729},"prediction_success":true,"predictions":[0.08665513808608195,0.04318718667231828,0.07736089631775671,0.07715389662937396,0.013858918090513976,0.03981501718640052,0.10544065309451353,0.014850857577451458,0.0803825325274993,0.0305066544948312,0.014142871244199025,0.05571403880045457,0.048521380593985954,0.0504282492810908,0.10544065309451353,0.06916238294839695,0.06990517919331421,0.10928053015140912,0.1182849563933491,0.0942042897977229,0.11460393059476714,0.04150601660914732,0.10609706092211821,0.013085258618130974,0.02114519682406765,0.03170696130093771,0.05040198399738799,0.08607023976095397,0.06785957001641957,0.03116775926272624,0.05628767021007271,0.0223071663046924,0.02076877477027028,0.0650320870670261,0.02861509940880087,0.11460393059476714,0.12734231968672502,0.10145333353769678,0.10060601618807458,0.0806088433632955,0.038175431087687624,0.11837323356206611,0.04023013226395005,0.015454800705950185,0.10928053015140912,0.10979075814107231,0.1182849563933491,0.10914561223065136,0.03353272025693628,0.04471445723427173,0.02751993137936466,0.016347388804536022,0.029994558710971776,0.10979075814107231,0.11184235583954115,0.06691322576372588,0.09264367486063954,0.0057467581879213775,0.10444701897490896,0.06321314171358658,0.010172675490148823,0.02917841995639003,0.031110478817822317,0.06674809719479234,0.05586763909861367,0.08311333080968535,0.02496955293238168,0.019769038626844995,0.031078821266565228,0.014298095231039289,0.011878633472014481,0.022869669695241835,0.028835620437620887,0.04839048625276464,0.018928079758103525,0.06732280434768224,0.049034591889363134,0.03364019084571616,0.018587182604946222,0.03039516727493427,0.09653183552474058,0.01264420879700801,0.012366207867050834,0.04709281026292174,0.07229276127659094,0.012352854545572434,0.06411777710283889,0.027529185152648548,0.03250977844525966,0.016578422394867533,0.030898979149166617,0.03258877050341673,0.034893762532926656,0.021500395037315687,0.10914561223065136,0.01534021759250017,0.03331002126148114,0.06796790843798166,0.08350689734889222,0.04670760608827295,0.05915691546900736,0.07588941663445443,0.046616325505818505,0.10071873683446089,0.024882138312099934,0.03331002126148114,0.031107251005995113,0.029994558710971776,0.06474799984657088,0.04101820330818406,0.06656548701231736,0.06411777710283889,0.02325064086343662,0.09974371145613369,0.03222730872677973,0.01107537355651194,0.017509262539538037,0.07476119865741179,0.053460098937223394,0.10070062466400558,0.10544065309451353,0.10979075814107231,0.08143105782488433,0.02841741109208025,0.1089783359731655,0.0039517936438191225,0.009446583932680063,0.06567516423286286,0.004813396850333801],"_timestamp":1.7343279478460867e+09,"_runtime":8.6323366}