{"_timestamp":1.7343254776306086e+09,"_wandb":{"runtime":764},"_runtime":1.5562431,"_step":0,"prediction_success":true,"predictions":[0.08869809124973059,0.00017279713180728913,0.07753362579920275,0.07787605474869139,0.014020114116361582,0.00028518167338297397,0.00011882423060138986,0.0008231877741585415,0.08057249834106614,0.030790634480734245,0.014352318893125868,0.05635460990325504,0.000327896669246533,0.050463552575002714,0.00011882423060138986,0.0002245685769072446,0.00013644310539646224,0.0001355895812211574,0.00012466890304328696,0.09645215617904297,8.163575598582628e-05,0.041899262083444425,0.10731433592655751,0.013238913111459385,0.0005712121526658934,0.00032861809365768055,0.0002587230576047195,0.00012774056840501513,0.00019487823129462842,0.00036178043356781427,0.00018116439299238878,0.022335287588922764,0.000709129390115201,0.06593673680185123,0.02931091329233684,0.11648109655168415,0.12734231968672502,0.10164105396342274,0.00013500268170925692,0.00016561458797109734,0.00031166500366380047,0.12091084105944501,0.0408070753987341,0.015460312215818164,0.10953065569354849,0.10979075814107231,0.1182849563933491,0.00012428726867948095,0.00047803036249827733,0.04561217680351229,0.027835099108662636,0.0009112753901332135,0.00025339527715242624,0.00013560664313711935,0.00012442429159902565,0.00017747415515961094,0.00016026086117758396,0.0014544223468111507,0.0001413592521796682,0.064214659818123,0.0016160560156628337,0.029578734274106764,0.0005206608613637343,0.0676279442526563,0.056878058734575916,0.08412834240715641,0.0005729073289863208,0.0008261021680819247,0.0005205801943280124,0.0008579134276883811,0.0009954210883889255,0.023163632508214172,0.0293695957163917,0.00018482370979173532,0.019096441357018587,0.06764095242752775,0.04984037007701406,0.03367549870995059,0.0006422800103951131,0.030712058413460763,0.00014704160159526253,0.012733989813730426,0.012479851165937549,0.04818049897013232,0.07317126736777047,0.012475479941957877,0.06446324646321057,0.028203233205858526,0.03292562213068535,0.0005205345884797988,0.0001037503679587254,0.0003661683673090993,0.035293412480386234,0.02150925950606648,0.00012428726867948095,0.0008352712936351207,0.0003329186680906347,0.0682264619175777,0.08371655043015555,0.04692573601365531,0.06054491803820056,0.00018862555821679155,8.715968764557636e-05,0.10218967962118548,0.024948614217810472,0.0003329186680906347,0.0004684473360341255,0.00025339527715242624,0.00022269164060917656,0.000387432683002356,0.06694013957062259,0.00023311413488920913,0.02359157094980757,0.10068611801183797,0.032616394392137385,0.0014873164339696374,0.017509262539538037,0.07484049087343245,0.05365888110759242,0.10107019240444083,0.10729024817383699,0.10979075814107231,0.08350955371350649,0.028818173468793604,0.00010924742018551596,0.003967327992929678,0.00955038006719832,0.00020322666020966725,0.0048145603991603106]}