{"_wandb":{"runtime":68},"_runtime":1.7031336000000001,"_step":0,"prediction_success":false,"_timestamp":1.7343261731509316e+09}