{"_timestamp":1.7343281712928696e+09,"_runtime":1.5365105,"_wandb":{"runtime":1499},"_step":0,"prediction_success":false}