{"_wandb":{"runtime":4074},"prediction_success":true,"predictions":[0.09152509301088035,0.08167615068854811,0.0806088433632955,0.0346382083512847,0.05511946195518896,0.0695683810116068,0.03715417867608259,0.06061424320580264,0.020050966028516377,0.014938184429398062,0.027555122748833965,0.0411827684558057,0.04569185281895824,0.06321314171358658,0.02631871602621447,0.0106049109096426,0.02537929494544891,0.010153353358992992,0.015886601155254802,0.02404687340900905,0.10659045617180161,0.09086242966404826,0.029792889637602096,0.05231294227561102,0.009114759099745181,0.10260370786717415,0.07322434763541531,0.07906149174193357,0.07023363317263574,0.01585528629773248,0.0179122241620126,0.04277790816500873,0.10183608818003068,0.05426175685684202,0.05887263612110857,0.10530968985342137,0.08707315175992286,0.03798141754159299,0.0379520756218736,0.03116775926272624,0.03635533276100215,0.06007931589320718,0.08863606642775267,0.01601449678375891,0.05681411716272152,0.027748250446918327,0.02229729997101334,0.040290914654004355,0.07674926784629815,0.058224691957351325,0.06656548701231736,0.048321301096209766,0.1182849563933491,0.016787679796508467,0.02778610710924103,0.09771683884072468,0.10828482331300543,0.05534059481038561,0.013232198428538722,0.005961452342327177,0.02487242474125542,0.11516312278300626,0.016263612265776124,0.012922973977702371,0.038206052150741264,0.05101403218721404,0.04855752404236428,0.04940133318983954,0.0501289093408196,0.09152509301088035,0.03790629016605755,0.06874048262250633,0.023190731623243806,0.06263304014895099,0.025389942261974857,0.018889999942512715,0.009473595389937235,0.09292437018755181,0.024948400872756193,0.03372758419261714,0.04715278788459859,0.059043677066539235,0.061020848682170656,0.040290914654004355,0.10574710522700187,0.11336743802696785,0.00411723901531339,0.05920367593249791,0.10859458441451947,0.11418726477165675,0.09439664361096554,0.0566347808080147,0.01081541468678753,0.030302759701577055,0.11756197910011472,0.07273271023725802,0.03117388827395689,0.032822334503268845,0.028046204364337766,0.050461066473808214,0.0874477595021147,0.06891062561128919,0.10928053015140912,0.028071533616349315,0.03903386396036327,0.030974673060639456,0.11534068976924633,0.0893032539309343,0.0351970970213248,0.07917386426037809,0.08673547345200894,0.0485376760606879,0.042648851350528434,0.018511334123351878,0.08414953712116409,0.041160242991655854],"_timestamp":1.734929390276993e+09,"_runtime":4.7313929,"_step":0}