{"_runtime":1.9134894999999998,"_step":0,"prediction_success":false,"_wandb":{"runtime":1904},"_timestamp":1.7343277665159667e+09}