{"model_downloaded":"combined_model_latest","_wandb":{"runtime":2501},"_step":11,"prediction_success":true,"predictions":[0.07205963728073005,0.10294504034495595,0.02017498201205176,0.02856186886803198,0.07039676294575634,0.03908053148188247,0.10928053015140912,0.019362997378104024,0.03543639030323224,0.03295659979752586,0.0173790590325478,0.056014363271699064,0.02841741109208025,0.02412579856884338,0.025076673848904208,0.05824235869180302,0.02760724220126857,0.05945241294457534,0.01925450737461636,0.02404687340900905,0.09248465914677342,0.10021396236181224,0.01896985386958743,0.03322740223559854,0.07858429430257492,0.030334367214384268,0.041773272188313934,0.04373638967510747,0.1105407542877947,0.09171627790973562,0.0874477595021147,0.026983350038813973,0.03203540992477591,0.03048810121931235,0.042146008862182185,0.059395732351600915,0.01845827343681368,0.08579276840278476,0.07789001150335967,0.015157042983615417,0.09555866585976568,0.02943650873701354,0.012746198776399842,0.10183608818003068,0.029762116663524643,0.0637239536551809,0.07173786546023471,0.014799271374034289,0.022479619050619876,0.09475166031312489,0.08707315175992286,0.07711380758959382,0.04443683755036346,0.02434150251774888,0.06000195954601697,0.03514672671664681,0.0640657589206181,0.07205956676002774,0.010035051029426867,0.04269503093721216,0.08138771500846702,0.0364386843227445,0.0744410098147343,0.0856704029050972,0.027730375700924712,0.021249816639810126,0.05143027319524461,0.02620840316390665,0.07715389662937396,0.05443547901276664,0.016816458922076137,0.04715278788459859,0.03374817869575623,0.015365087510945313,0.05059210031345654,0.032803973541179476,0.0524426484465156,0.0803825325274993,0.05836479011735924,0.054439177168997446,0.03321350488108905,0.05945241294457534,0.035108240803262455,0.01351727285476225,0.0975078065563537,0.011864155712763993,0.08311333080968535,0.09805349909753948,0.03589687642789372,0.04153792620375034,0.02534818692859355,0.09486544322040227,0.03691319442468794,0.03676192121247257,0.04318718667231828,0.024598854964765344,0.06022908455475374,0.05041910240544715,0.030636800548702298,0.046679735670090615,0.07492268448363612,0.06332164807948937,0.044950654952093674,0.012453669029124327,0.029426724692056677,0.004792130415123325,0.025076673848904208,0.012337226673186668,0.026566200788737827,0.01624764467048442,0.03530967409105174,0.021100810490521666],"_timestamp":1.7349321237588887e+09,"_runtime":1165.1407641}